{
  "PROYECTANTE::BLANCO::TP4+12+4": {
    "a": 93548.645326,
    "b": -30.823707,
    "c": 68.482926,
    "d": 0.079552,
    "e": 0.019776,
    "f": -0.026583
  },
  "PROYECTANTE::BLANCO::TP5+12+5": {
    "a": 108444.380887,
    "b": -44.190236,
    "c": 55.116397,
    "d": 0.09396,
    "e": 0.022492,
    "f": -0.023867
  },
  "PROYECTANTE::NEGRO::TP4+12+4": {
    "a": 92245.006628,
    "b": -8.897146,
    "c": 90.409487,
    "d": 0.080084,
    "e": 0.020179,
    "f": -0.02618
  },
  "PROYECTANTE::NEGRO::TP5+12+5": {
    "a": 105845.459974,
    "b": -20.96214,
    "c": 78.344493,
    "d": 0.09396,
    "e": 0.022492,
    "f": -0.023867
  },
  "PROYECTANTE::NOGAL::TP4+12+4": {
    "a": 81120.764272,
    "b": -0.587106,
    "c": 98.719527,
    "d": 0.063244,
    "e": 0.016374,
    "f": -0.029985
  },
  "PROYECTANTE::NOGAL::TP5+12+5": {
    "a": 106430.380887,
    "b": -29.800236,
    "c": 69.506397,
    "d": 0.09396,
    "e": 0.022492,
    "f": -0.023867
  },
  "CORREDERA_80::BLANCO::TP4+12+4": {
    "a": 288644.431252,
    "b": -52.732017,
    "c": -10.077752,
    "d": 0.068299,
    "e": 0.023932,
    "f": 0.01804
  },
  "CORREDERA_80::NEGRO::TP4+12+4": {
    "a": 285900.945907,
    "b": -33.286621,
    "c": 21.766293,
    "d": 0.068299,
    "e": 0.023932,
    "f": 0.01804
  },
  "CORREDERA_80::NOGAL::TP4+12+4": {
    "a": 285355.906296,
    "b": -34.58202,
    "c": 23.594244,
    "d": 0.068299,
    "e": 0.023931,
    "f": 0.01804
  },
  "CORREDERA_98::BLANCO::TP4+12+4": {
    "a": 200794.930979,
    "b": 25.492856,
    "c": 58.515348,
    "d": 0.085762,
    "e": 0.00143,
    "f": 0.001321
  },
  "CORREDERA_98::NEGRO::TP4+12+4": {
    "a": 196881.373936,
    "b": 48.390907,
    "c": 97.360714,
    "d": 0.085762,
    "e": 0.00143,
    "f": 0.001322
  },
  "CORREDERA_98::NOGAL::TP4+12+4": {
    "a": 196744.481728,
    "b": 45.642901,
    "c": 95.359865,
    "d": 0.085762,
    "e": 0.00143,
    "f": 0.001322
  },
  "OSCILOBATIENTE::BLANCO::TP4+12+4": {
    "a": 185445.942542,
    "b": -11.949828,
    "c": -35.952898,
    "d": 0.079576,
    "e": 0.003727,
    "f": 0.021043
  },
  "OSCILOBATIENTE::NEGRO::TP4+12+4": {
    "a": 182993.641254,
    "b": 11.032265,
    "c": -12.970805,
    "d": 0.079576,
    "e": 0.003727,
    "f": 0.021043
  },
  "OSCILOBATIENTE::NOGAL::TP4+12+4": {
    "a": 183550.507284,
    "b": 1.346391,
    "c": -22.65668,
    "d": 0.079576,
    "e": 0.003727,
    "f": 0.021043
  },
  "ABATIBLE::BLANCO::TP4+12+4": {
    "a": 185140.969136,
    "b": -27.253272,
    "c": -30.388035,
    "d": 0.079552,
    "e": 0.011874,
    "f": 0.020013
  },
  "ABATIBLE::NEGRO::TP4+12+4": {
    "a": 182492.838095,
    "b": -3.899302,
    "c": -7.034065,
    "d": 0.079552,
    "e": 0.011874,
    "f": 0.020013
  },
  "ABATIBLE::NOGAL::TP4+12+4": {
    "a": 183076.105732,
    "b": -12.733179,
    "c": -15.867942,
    "d": 0.079552,
    "e": 0.011874,
    "f": 0.020012
  },
  "MARCO_FIJO::BLANCO::TP4+12+4": {
    "a": 89814.059277,
    "b": -26.167455,
    "c": -26.108744,
    "d": 0.08151,
    "e": 0.009919,
    "f": 0.009872
  },
  "MARCO_FIJO::NEGRO::TP4+12+4": {
    "a": 89372.572681,
    "b": -13.927503,
    "c": -13.868792,
    "d": 0.08151,
    "e": 0.009919,
    "f": 0.009872
  },
  "MARCO_FIJO::NOGAL::TP4+12+4": {
    "a": 89361.683792,
    "b": -19.035466,
    "c": -18.976755,
    "d": 0.08151,
    "e": 0.009919,
    "f": 0.009872
  },
  "MARCO_FIJO::BLANCO::TP5+12+5": {
    "a": 37445.721826,
    "b": 12.423452,
    "c": 12.412658,
    "d": 0.085223,
    "e": 0.001145,
    "f": 0.001128
  },
  "MARCO_FIJO::NEGRO::TP5+12+5": {
    "a": 37028.291129,
    "b": 24.537476,
    "c": 24.526681,
    "d": 0.085223,
    "e": 0.001145,
    "f": 0.001128
  },
  "MARCO_FIJO::NOGAL::TP5+12+5": {
    "a": 58741.971131,
    "b": 27.118663,
    "c": 27.107868,
    "d": 0.070598,
    "e": 6.4e-05,
    "f": 4.7e-05
  },
  "PUERTA_1H::BLANCO::TP5+12+5": {
    "a": 140774.582793,
    "b": 18.161109,
    "c": 36.598,
    "d": 0.087093,
    "e": 0.003442,
    "f": -0.000988
  },
  "PUERTA_1H::NEGRO::TP5+12+5": {
    "a": 136832.585686,
    "b": 47.770892,
    "c": 66.207826,
    "d": 0.087094,
    "e": 0.003442,
    "f": -0.000988
  },
  "PUERTA_1H::NOGAL::TP5+12+5": {
    "a": 137833.638438,
    "b": 36.344893,
    "c": 54.781762,
    "d": 0.087094,
    "e": 0.003442,
    "f": -0.000988
  },
  "PUERTA_DOBLE::BLANCO::TP5+12+5": {
    "a": 223084.863334,
    "b": 18.232115,
    "c": 55.494761,
    "d": 0.087159,
    "e": 0.001817,
    "f": 0.000216
  },
  "PUERTA_DOBLE::NEGRO::TP5+12+5": {
    "a": 218725.942486,
    "b": 43.117996,
    "c": 110.017003,
    "d": 0.087159,
    "e": 0.001817,
    "f": 0.000216
  },
  "PUERTA_DOBLE::NOGAL::TP5+12+5": {
    "a": 218922.885265,
    "b": 34.146149,
    "c": 90.007215,
    "d": 0.087159,
    "e": 0.001817,
    "f": 0.000216
  }
}
